{
  "project_info": {
    "project_number": "817187672807",
    "project_id": "login-a22c0",
    "storage_bucket": "login-a22c0.appspot.com"
  },
  "client": [
    {
      "client_info": {
        "mobilesdk_app_id": "1:817187672807:android:93ef664c4cf2058b9ec842",
        "android_client_info": {
          "package_name": "com.example.districtapp"
        }
      },
      "oauth_client": [
        {
          "client_id": "817187672807-7l2el05ikngq3bn938lbafbbrhe6voc9.apps.googleusercontent.com",
          "client_type": 3
        }
      ],
      "api_key": [
        {
          "current_key": "AIzaSyC8ka_9yT68IJRd2FaLRDszMSP8i8hXwnY"
        }
      ],
      "services": {
        "appinvite_service": {
          "other_platform_oauth_client": [
            {
              "client_id": "817187672807-7l2el05ikngq3bn938lbafbbrhe6voc9.apps.googleusercontent.com",
              "client_type": 3
            }
          ]
        }
      }
    }
  ],
  "configuration_version": "1"
}